[
{
  "model": "webapp.task",
  "pk": 17,
  "fields": {
    "summary": "Блокировка пользователей",
    "description": "",
    "created_at": "2022-10-07T09:41:48.254Z",
    "updated_at": "2022-09-05T17:37:53.481Z",
    "state": [
      3
    ],
    "type": [
      1
    ]
  }
},
{
  "model": "webapp.task",
  "pk": 18,
  "fields": {
    "summary": "Обновление джобы",
    "description": "",
    "created_at": "2022-10-07T09:42:05.097Z",
    "updated_at": "2022-09-05T17:37:53.481Z",
    "state": [
      3
    ],
    "type": [
      1
    ]
  }
},
{
  "model": "webapp.task",
  "pk": 19,
  "fields": {
    "summary": "Отправка уведомлений",
    "description": "",
    "created_at": "2022-10-07T09:42:27.660Z",
    "updated_at": "2022-09-05T17:37:53.481Z",
    "state": [
      3
    ],
    "type": [
      3
    ]
  }
},
{
  "model": "webapp.task",
  "pk": 20,
  "fields": {
    "summary": "Интеграция госсервисов",
    "description": "",
    "created_at": "2022-10-07T09:42:51.402Z",
    "updated_at": "2022-09-05T17:37:53.481Z",
    "state": [
      2
    ],
    "type": [
      1
    ]
  }
},
{
  "model": "webapp.task",
  "pk": 24,
  "fields": {
    "summary": "Обновление джобы",
    "description": "",
    "created_at": "2022-10-10T15:15:21.089Z",
    "updated_at": "2022-09-05T17:37:53.481Z",
    "state": [
      1
    ],
    "type": [
      1
    ]
  }
},
{
  "model": "webapp.task",
  "pk": 25,
  "fields": {
    "summary": "Домашнее задание",
    "description": "",
    "created_at": "2022-10-10T15:15:26.807Z",
    "updated_at": "2022-09-05T17:37:53.481Z",
    "state": [
      2
    ],
    "type": [
      1
    ]
  }
},
{
  "model": "webapp.task",
  "pk": 26,
  "fields": {
    "summary": "Интеграция с гос. сервисами",
    "description": "",
    "created_at": "2022-10-10T15:15:32.919Z",
    "updated_at": "2022-09-05T17:37:53.481Z",
    "state": [
      1
    ],
    "type": [
      3
    ]
  }
},
{
  "model": "webapp.task",
  "pk": 27,
  "fields": {
    "summary": "Отправка уведомлений",
    "description": "",
    "created_at": "2022-10-10T15:15:51.190Z",
    "updated_at": "2022-09-05T17:37:53.481Z",
    "state": [
      1
    ],
    "type": [
      2
    ]
  }
},
{
  "model": "webapp.task",
  "pk": 28,
  "fields": {
    "summary": "Интеграция с гос. сервисами",
    "description": "Номер 7",
    "created_at": "2022-10-10T15:16:06.682Z",
    "updated_at": "2022-09-05T17:37:53.481Z",
    "state": [
      2
    ],
    "type": [
      2
    ]
  }
},
{
  "model": "webapp.task",
  "pk": 29,
  "fields": {
    "summary": "Блокировка пользователей",
    "description": "Номер 55",
    "created_at": "2022-10-10T15:16:16.947Z",
    "updated_at": "2022-09-05T17:37:53.481Z",
    "state": [
      2
    ],
    "type": [
      3
    ]
  }
},
{
  "model": "webapp.task",
  "pk": 30,
  "fields": {
    "summary": "Тест на нагрузку",
    "description": "",
    "created_at": "2022-10-10T15:16:28.466Z",
    "updated_at": "2022-09-05T17:37:53.481Z",
    "state": [
      3
    ],
    "type": [
      1
    ]
  }
},
{
  "model": "webapp.task",
  "pk": 31,
  "fields": {
    "summary": "Установка таймаута",
    "description": "10000000 мс",
    "created_at": "2022-10-10T15:17:00.101Z",
    "updated_at": "2022-09-05T17:37:53.481Z",
    "state": [
      3
    ],
    "type": [
      2
    ]
  }
},
{
  "model": "webapp.task",
  "pk": 32,
  "fields": {
    "summary": "Верстка UI",
    "description": "Модернизация",
    "created_at": "2022-10-10T15:17:36.217Z",
    "updated_at": "2022-09-05T17:37:53.481Z",
    "state": [
      3
    ],
    "type": [
      3
    ]
  }
},
{
  "model": "webapp.task",
  "pk": 33,
  "fields": {
    "summary": "Повторение - мать учения",
    "description": "Повторение",
    "created_at": "2022-10-10T16:10:23.951Z",
    "updated_at": "2022-09-05T17:37:53.481Z",
    "state": [
      1
    ],
    "type": [
      2
    ]
  }
},
{
  "model": "webapp.task",
  "pk": 34,
  "fields": {
    "summary": "Bug Exception",
    "description": "По запросу 1",
    "created_at": "2022-10-10T17:23:31.537Z",
    "updated_at": "2022-09-05T17:37:53.481Z",
    "state": [
      1
    ],
    "type": [
      1
    ]
  }
},
{
  "model": "webapp.task",
  "pk": 35,
  "fields": {
    "summary": "Bug fix",
    "description": "Проверка bug",
    "created_at": "2022-10-10T17:37:53.481Z",
    "updated_at": "2022-09-05T17:37:53.481Z",
    "state": [
      3
    ],
    "type": [
      3
    ]
  }
},
{
  "model": "webapp.task",
  "pk": 36,
  "fields": {
    "summary": "Домашнее задание",
    "description": "",
    "created_at": "2022-10-10T18:07:17.041Z",
    "updated_at": "2022-09-25T18:10:55.772Z",
    "state": [
      1
    ],
    "type": [
      1
    ]
  }
},
{
  "model": "webapp.task",
  "pk": 37,
  "fields": {
    "summary": "Обновление джобы",
    "description": "",
    "created_at": "2022-10-10T18:07:30.897Z",
    "updated_at": "2022-09-25T18:10:55.772Z",
    "state": [
      1
    ],
    "type": [
      2
    ]
  }
},
{
  "model": "webapp.task",
  "pk": 38,
  "fields": {
    "summary": "Отправка уведомлений",
    "description": "",
    "created_at": "2022-10-10T18:07:35.782Z",
    "updated_at": "2022-09-25T18:10:55.772Z",
    "state": [
      1
    ],
    "type": [
      3
    ]
  }
},
{
  "model": "webapp.task",
  "pk": 39,
  "fields": {
    "summary": "Блокировка пользователей",
    "description": "",
    "created_at": "2022-10-10T18:07:40.889Z",
    "updated_at": "2022-09-25T18:10:55.772Z",
    "state": [
      2
    ],
    "type": [
      1
    ]
  }
},
{
  "model": "webapp.task",
  "pk": 40,
  "fields": {
    "summary": "Bug Exception",
    "description": "",
    "created_at": "2022-10-10T18:07:53.665Z",
    "updated_at": "2022-09-25T18:10:55.772Z",
    "state": [
      2
    ],
    "type": [
      2
    ]
  }
},
{
  "model": "webapp.task",
  "pk": 41,
  "fields": {
    "summary": "Bug fix",
    "description": "Newest",
    "created_at": "2022-10-10T18:08:10.139Z",
    "updated_at": "2022-09-25T18:10:55.772Z",
    "state": [
      2
    ],
    "type": [
      3
    ]
  }
},
{
  "model": "webapp.task",
  "pk": 42,
  "fields": {
    "summary": "Интеграция госсервисов",
    "description": "",
    "created_at": "2022-10-10T18:08:20.359Z",
    "updated_at": "2022-09-25T18:10:55.772Z",
    "state": [
      3
    ],
    "type": [
      1
    ]
  }
},
{
  "model": "webapp.task",
  "pk": 43,
  "fields": {
    "summary": "Домашнее задание",
    "description": "",
    "created_at": "2022-10-10T18:08:25.687Z",
    "updated_at": "2022-09-25T18:10:55.772Z",
    "state": [
      3
    ],
    "type": [
      2
    ]
  }
},
{
  "model": "webapp.task",
  "pk": 44,
  "fields": {
    "summary": "Блокировка пользователей",
    "description": "",
    "created_at": "2022-10-10T18:08:33.562Z",
    "updated_at": "2022-09-25T18:10:55.772Z",
    "state": [
      3
    ],
    "type": [
      3
    ]
  }
},
{
  "model": "webapp.task",
  "pk": 45,
  "fields": {
    "summary": "Домашнее задание",
    "description": "",
    "created_at": "2022-10-10T18:14:09.372Z",
    "updated_at": "2022-10-10T18:14:09.372Z",
    "state": [
      1
    ],
    "type": [
      1
    ]
  }
},
{
  "model": "webapp.task",
  "pk": 46,
  "fields": {
    "summary": "Обновление джобы",
    "description": "",
    "created_at": "2022-10-10T18:14:16.987Z",
    "updated_at": "2022-10-10T18:14:16.987Z",
    "state": [
      1
    ],
    "type": [
      2
    ]
  }
},
{
  "model": "webapp.task",
  "pk": 47,
  "fields": {
    "summary": "Отправка уведомлений",
    "description": "",
    "created_at": "2022-10-10T18:14:22.091Z",
    "updated_at": "2022-10-10T18:14:22.092Z",
    "state": [
      1
    ],
    "type": [
      3
    ]
  }
},
{
  "model": "webapp.task",
  "pk": 48,
  "fields": {
    "summary": "Блокировка пользователей",
    "description": "",
    "created_at": "2022-10-10T18:14:27.703Z",
    "updated_at": "2022-10-10T18:14:27.703Z",
    "state": [
      2
    ],
    "type": [
      1
    ]
  }
},
{
  "model": "webapp.task",
  "pk": 49,
  "fields": {
    "summary": "Домашнее задание",
    "description": "",
    "created_at": "2022-10-10T18:14:34.170Z",
    "updated_at": "2022-10-10T18:14:34.170Z",
    "state": [
      2
    ],
    "type": [
      2
    ]
  }
},
{
  "model": "webapp.task",
  "pk": 50,
  "fields": {
    "summary": "Отправка уведомлений",
    "description": "",
    "created_at": "2022-10-10T18:14:40.337Z",
    "updated_at": "2022-10-10T18:14:40.337Z",
    "state": [
      2
    ],
    "type": [
      3
    ]
  }
},
{
  "model": "webapp.task",
  "pk": 51,
  "fields": {
    "summary": "Bug Exception",
    "description": "",
    "created_at": "2022-10-10T18:14:49.637Z",
    "updated_at": "2022-10-10T18:14:49.637Z",
    "state": [
      3
    ],
    "type": [
      1
    ]
  }
},
{
  "model": "webapp.task",
  "pk": 52,
  "fields": {
    "summary": "Bug Exception",
    "description": "",
    "created_at": "2022-10-10T18:14:56.710Z",
    "updated_at": "2022-10-10T18:14:56.710Z",
    "state": [
      3
    ],
    "type": [
      2
    ]
  }
},
{
  "model": "webapp.task",
  "pk": 53,
  "fields": {
    "summary": "Интеграция госсервисов",
    "description": "",
    "created_at": "2022-10-10T18:15:08.249Z",
    "updated_at": "2022-10-10T18:15:08.249Z",
    "state": [
      3
    ],
    "type": [
      3
    ]
  }
},
{
  "model": "webapp.task",
  "pk": 54,
  "fields": {
    "summary": "Bug Exception",
    "description": "",
    "created_at": "2022-10-10T18:22:02.779Z",
    "updated_at": "2022-10-10T18:22:02.779Z",
    "state": [
      2
    ],
    "type": [
      3
    ]
  }
},
{
  "model": "webapp.state",
  "pk": 1,
  "fields": {
    "name": "Новая"
  }
},
{
  "model": "webapp.state",
  "pk": 2,
  "fields": {
    "name": "В процессе"
  }
},
{
  "model": "webapp.state",
  "pk": 3,
  "fields": {
    "name": "Сделано"
  }
},
{
  "model": "webapp.type",
  "pk": 1,
  "fields": {
    "name": "Задача"
  }
},
{
  "model": "webapp.type",
  "pk": 2,
  "fields": {
    "name": "Баг"
  }
},
{
  "model": "webapp.type",
  "pk": 3,
  "fields": {
    "name": "Улучшение"
  }
},
{
  "model": "auth.permission",
  "pk": 1,
  "fields": {
    "name": "Can add log entry",
    "content_type": 1,
    "codename": "add_logentry"
  }
},
{
  "model": "auth.permission",
  "pk": 2,
  "fields": {
    "name": "Can change log entry",
    "content_type": 1,
    "codename": "change_logentry"
  }
},
{
  "model": "auth.permission",
  "pk": 3,
  "fields": {
    "name": "Can delete log entry",
    "content_type": 1,
    "codename": "delete_logentry"
  }
},
{
  "model": "auth.permission",
  "pk": 4,
  "fields": {
    "name": "Can view log entry",
    "content_type": 1,
    "codename": "view_logentry"
  }
},
{
  "model": "auth.permission",
  "pk": 5,
  "fields": {
    "name": "Can add permission",
    "content_type": 2,
    "codename": "add_permission"
  }
},
{
  "model": "auth.permission",
  "pk": 6,
  "fields": {
    "name": "Can change permission",
    "content_type": 2,
    "codename": "change_permission"
  }
},
{
  "model": "auth.permission",
  "pk": 7,
  "fields": {
    "name": "Can delete permission",
    "content_type": 2,
    "codename": "delete_permission"
  }
},
{
  "model": "auth.permission",
  "pk": 8,
  "fields": {
    "name": "Can view permission",
    "content_type": 2,
    "codename": "view_permission"
  }
},
{
  "model": "auth.permission",
  "pk": 9,
  "fields": {
    "name": "Can add group",
    "content_type": 3,
    "codename": "add_group"
  }
},
{
  "model": "auth.permission",
  "pk": 10,
  "fields": {
    "name": "Can change group",
    "content_type": 3,
    "codename": "change_group"
  }
},
{
  "model": "auth.permission",
  "pk": 11,
  "fields": {
    "name": "Can delete group",
    "content_type": 3,
    "codename": "delete_group"
  }
},
{
  "model": "auth.permission",
  "pk": 12,
  "fields": {
    "name": "Can view group",
    "content_type": 3,
    "codename": "view_group"
  }
},
{
  "model": "auth.permission",
  "pk": 13,
  "fields": {
    "name": "Can add user",
    "content_type": 4,
    "codename": "add_user"
  }
},
{
  "model": "auth.permission",
  "pk": 14,
  "fields": {
    "name": "Can change user",
    "content_type": 4,
    "codename": "change_user"
  }
},
{
  "model": "auth.permission",
  "pk": 15,
  "fields": {
    "name": "Can delete user",
    "content_type": 4,
    "codename": "delete_user"
  }
},
{
  "model": "auth.permission",
  "pk": 16,
  "fields": {
    "name": "Can view user",
    "content_type": 4,
    "codename": "view_user"
  }
},
{
  "model": "auth.permission",
  "pk": 17,
  "fields": {
    "name": "Can add content type",
    "content_type": 5,
    "codename": "add_contenttype"
  }
},
{
  "model": "auth.permission",
  "pk": 18,
  "fields": {
    "name": "Can change content type",
    "content_type": 5,
    "codename": "change_contenttype"
  }
},
{
  "model": "auth.permission",
  "pk": 19,
  "fields": {
    "name": "Can delete content type",
    "content_type": 5,
    "codename": "delete_contenttype"
  }
},
{
  "model": "auth.permission",
  "pk": 20,
  "fields": {
    "name": "Can view content type",
    "content_type": 5,
    "codename": "view_contenttype"
  }
},
{
  "model": "auth.permission",
  "pk": 21,
  "fields": {
    "name": "Can add session",
    "content_type": 6,
    "codename": "add_session"
  }
},
{
  "model": "auth.permission",
  "pk": 22,
  "fields": {
    "name": "Can change session",
    "content_type": 6,
    "codename": "change_session"
  }
},
{
  "model": "auth.permission",
  "pk": 23,
  "fields": {
    "name": "Can delete session",
    "content_type": 6,
    "codename": "delete_session"
  }
},
{
  "model": "auth.permission",
  "pk": 24,
  "fields": {
    "name": "Can view session",
    "content_type": 6,
    "codename": "view_session"
  }
},
{
  "model": "auth.permission",
  "pk": 25,
  "fields": {
    "name": "Can add item",
    "content_type": 7,
    "codename": "add_item"
  }
},
{
  "model": "auth.permission",
  "pk": 26,
  "fields": {
    "name": "Can change item",
    "content_type": 7,
    "codename": "change_item"
  }
},
{
  "model": "auth.permission",
  "pk": 27,
  "fields": {
    "name": "Can delete item",
    "content_type": 7,
    "codename": "delete_item"
  }
},
{
  "model": "auth.permission",
  "pk": 28,
  "fields": {
    "name": "Can view item",
    "content_type": 7,
    "codename": "view_item"
  }
},
{
  "model": "auth.permission",
  "pk": 29,
  "fields": {
    "name": "Can add Статус",
    "content_type": 8,
    "codename": "add_state"
  }
},
{
  "model": "auth.permission",
  "pk": 30,
  "fields": {
    "name": "Can change Статус",
    "content_type": 8,
    "codename": "change_state"
  }
},
{
  "model": "auth.permission",
  "pk": 31,
  "fields": {
    "name": "Can delete Статус",
    "content_type": 8,
    "codename": "delete_state"
  }
},
{
  "model": "auth.permission",
  "pk": 32,
  "fields": {
    "name": "Can view Статус",
    "content_type": 8,
    "codename": "view_state"
  }
},
{
  "model": "auth.permission",
  "pk": 33,
  "fields": {
    "name": "Can add Тип",
    "content_type": 9,
    "codename": "add_type"
  }
},
{
  "model": "auth.permission",
  "pk": 34,
  "fields": {
    "name": "Can change Тип",
    "content_type": 9,
    "codename": "change_type"
  }
},
{
  "model": "auth.permission",
  "pk": 35,
  "fields": {
    "name": "Can delete Тип",
    "content_type": 9,
    "codename": "delete_type"
  }
},
{
  "model": "auth.permission",
  "pk": 36,
  "fields": {
    "name": "Can view Тип",
    "content_type": 9,
    "codename": "view_type"
  }
},
{
  "model": "auth.permission",
  "pk": 37,
  "fields": {
    "name": "Can add Задача",
    "content_type": 10,
    "codename": "add_task"
  }
},
{
  "model": "auth.permission",
  "pk": 38,
  "fields": {
    "name": "Can change Задача",
    "content_type": 10,
    "codename": "change_task"
  }
},
{
  "model": "auth.permission",
  "pk": 39,
  "fields": {
    "name": "Can delete Задача",
    "content_type": 10,
    "codename": "delete_task"
  }
},
{
  "model": "auth.permission",
  "pk": 40,
  "fields": {
    "name": "Can view Задача",
    "content_type": 10,
    "codename": "view_task"
  }
},
{
  "model": "auth.user",
  "pk": 1,
  "fields": {
    "password": "pbkdf2_sha256$390000$RVNKqpIDG9PfpjslAx0aJZ$zZz/ULD/vvLyy7qrhz7RGX43vZx1TDvX4w6pQvREna4=",
    "last_login": "2022-10-10T16:48:28.275Z",
    "is_superuser": true,
    "username": "admin",
    "first_name": "",
    "last_name": "",
    "email": "",
    "is_staff": true,
    "is_active": true,
    "date_joined": "2022-10-06T17:23:14.507Z",
    "groups": [],
    "user_permissions": []
  }
}
]
